name,address,phone,website
Chad's Family Warehouse & Logistics,"758 Vandalia StreetSt. Paul, MN 55114",(612) 709-6572,http://www.chadsfamilywarehouse.com
Dedicated Logistics,"2250 Wabash AveSaint Paul, MN 55114",(651) 340-5703,http://www.shipdli.com
"Hermann Services, Inc.",Serving the 55114 Area.,(877) 809-6070,http://3pl-logistics.hermanntds.com/freight-shipping-transportation.php
"Hermann Services, Inc.",Serving the 55114 Area.,(877) 809-6070,/listings/525064091/menu?lid=1001442737704
"Hermann Services, Inc.",Serving the 55114 Area.,(877) 809-6070,/nationwide/mip/hermann-services-inc-525064091?lid=1001442737704
Seminole Logistics,"310 4th Ave SMinneapolis, MN 55415",(612) 238-3090,http://seminole-logistics.com
Minnesota Logistics,"2219 Oakland AveMinneapolis, MN 55404",(612) 871-2000,http://www.mnlogistics.com
Trinity Logistics,"150 S 5th St Ste 1490Minneapolis, MN 55402",(612) 314-2400,http://www.granite-logistics.com
Mn Logistics,"2817 Anthony Ln SMinneapolis, MN 55418",(651) 200-9078,http://minnlog.com
K & L Logistics Inc,"443 Fillmore Ave ESaint Paul, MN 55107",(651) 222-7522,http://mkmdistribution.com
Logistics Planning Services,"1140 Centre Pointe Dr Ste 100Saint Paul, MN 55120",(651) 552-4905,http://www.shiplps.com
Dadson Distributors Inc,"2475 Highway 55Saint Paul, MN 55120",(651) 452-1125,http://www.tempcomfg.com
Agility Logistics,"2700 Blue Waters RdSaint Paul, MN 55121",(651) 406-8353,http://agilitylogistics.com
Stone Architect Logistics,"4301 Highway 7 Ste 160Minneapolis, MN 55416",(952) 767-0844,http://www.stonearchlogistics.com
CEVA Logistics,"5100 Gamble DrMinneapolis, MN 55416",(763) 253-0471,http://www.cevalogistics.com
Navis Pack & Ship,"1170 Eagan Industrial Rd Ste 6Saint Paul, MN 55121",(651) 209-7194,http://www.gonavis.com/mn1094
Navis Pack & Ship,"1170 Eagan Industrial Rd Ste 6Saint Paul, MN 55121",(651) 209-7194,/listings/1000951187300/directions
Navis Pack & Ship,"1170 Eagan Industrial Rd Ste 6Saint Paul, MN 55121",(651) 209-7194,/saint-paul-mn/mip/navis-pack-ship-495843526?lid=1000951187300
Transport Distribution Service Inc,"550 Village Center Dr Ste 100Saint Paul, MN 55127",(651) 483-1300,http://www.tdsd.com
Best Logistics,"1325 Eagandale Ct Ste 140Saint Paul, MN 55121",(651) 688-7220,http://cwlogistics.com
